"country","pp","tmean"
"ARG",636.77784,15.1088933333333
"BRA",1432.02258333333,24.4920026041667
"HND",1850.87475833333,23.2218875
"URY",1188.61605,17.3622708333333
